{"ANN": 0.9400791724240953, "Boosted": 0.85, "DT": 0.825, "KNN": 0.75, "RF": 0.627124024349255, "SVM": 0.85}